symbol,pip_size,pip_round,pip_price_%,contractId,lastPrice,bid1,ask1,volume24,amount24,holdVol,lower24Price,high24Price,riseFallRate,riseFallValue,indexPrice,fairPrice,fundingRate,maxBidPrice,minAskPrice,timestamp,riseFallRates,riseFallRatesOfTimezone
XLM_USDT,0.00001,5,0.00373,65,0.2684,0.26842,0.26843,2958065,7897689.1734,1353610,0.26167,0.27233,0.0083,0.00221,0.26853,0.2684,-0.000123,0.29538,0.24167,1743332176442,"{'zone': 'UTC+8', 'r': 0.0083, 'v': 0.00221, 'r7': -0.0239, 'r30': -0.0643, 'r90': -0.2286, 'r180': 1.6807, 'r365': 0.8839}","[0.004, 0.005, 0.0083]"
SUI_USDT,0.0001,4,0.00421,397,2.3728,2.3727,2.3728,381270447,891379999.4949,18467030,2.2472,2.4537,0.0349,0.0801,2.374,2.373,-3.6e-05,2.8488,1.8992,1743332176302,"{'zone': 'UTC+8', 'r': 0.0349, 'v': 0.0801, 'r7': 0.0343, 'r30': -0.1686, 'r90': -0.4301, 'r180': 0.3601, 'r365': 0.2191}","[-0.0105, 0.0278, 0.0349]"
POL_USDT,0.00001,5,0.0049,681,0.20392,0.20396,0.20397,1821286,3678639.1642,2542682,0.1974,0.20687,0.0123,0.00249,0.20406,0.20392,2.4e-05,0.24487,0.16324,1743332176487,"{'zone': 'UTC+8', 'r': 0.0123, 'v': 0.00249, 'r7': -0.0286, 'r30': -0.2684, 'r90': -0.5739, 'r180': -0.4932}","[-0.0009, 0.0078, 0.0123]"
CAKE_USDT,0.0001,4,0.00499,393,2.0036,2.0041,2.0042,5608428,11201814.9665,2038127,1.9201,2.0596,0.0026,0.0053,2.0062,2.0044,-0.000121,2.4074,1.6049,1743332176382,"{'zone': 'UTC+8', 'r': 0.0026, 'v': 0.0053, 'r7': -0.268, 'r30': -0.0289, 'r90': -0.2258, 'r180': -0.0174, 'r365': -0.567}","[0.019, 0.0038, 0.0026]"
AVAX_USDT,0.001,3,0.0052,49,19.248,19.243,19.244,70138819,138714656.1873,12506245,19.239,20.308,-0.0367,-0.734,19.26,19.248,-0.000166,23.112,15.408,1743332176321,"{'zone': 'UTC+8', 'r': -0.0367, 'v': -0.734, 'r7': -0.0147, 'r30': -0.1549, 'r90': -0.4734, 'r180': -0.3107, 'r365': -0.6374}","[-0.0399, -0.0173, -0.0367]"
HBAR_USDT,0.00001,5,0.00585,106,0.17104,0.17105,0.17106,338716891,57818335.09565,68350165,0.16643,0.17523,0.0135,0.00229,0.17112,0.17104,9e-06,0.20534,0.13689,1743332176334,"{'zone': 'UTC+8', 'r': 0.0135, 'v': 0.00229, 'r7': -0.0666, 'r30': -0.1509, 'r90': -0.4018, 'r180': 1.9242, 'r365': 0.484}","[-0.012, -0.0047, 0.0135]"
DOGE_USDT,0.00001,5,0.00591,68,0.16933,0.16933,0.16934,78089972,1327483025.124,3204327,0.16573,0.17321,-0.0024,-0.00042,0.16942,0.16933,-0.000153,0.2033,0.13553,1743332176306,"{'zone': 'UTC+8', 'r': -0.0024, 'v': -0.00042, 'r7': 0.0081, 'r30': -0.1899, 'r90': -0.4702, 'r180': 0.4462, 'r365': -0.1893}","[-0.0217, -0.0007, -0.0024]"
ETC_USDT,0.001,3,0.006,15,16.679,16.678,16.679,2741163,4561177.124,4502547,16.359,16.94,0.0029,0.049,16.69,16.679,2.7e-05,20.028,13.352,1743332176508,"{'zone': 'UTC+8', 'r': 0.0029, 'v': 0.049, 'r7': -0.0678, 'r30': -0.1152, 'r90': -0.3601, 'r180': -0.146, 'r365': -0.5032}","[-0.0124, 0.0053, 0.0029]"
AAVE_USDT,0.01,2,0.00606,62,165.1,165.09,165.1,36290935,61511226.5553,5346912,164.28,178.58,-0.0387,-6.65,165.18,165.1,-8.9e-05,198.21,132.14,1743332176333,"{'zone': 'UTC+8', 'r': -0.0387, 'v': -6.65, 'r7': -0.0812, 'r30': -0.1923, 'r90': -0.5053, 'r180': 0.0668, 'r365': 0.2968}","[-0.0703, -0.0171, -0.0387]"
LINK_USDT,0.001,3,0.00732,18,13.665,13.665,13.667,164865491,224870236.4548,16432257,13.363,13.89,0.0027,0.038,13.679,13.669,-0.000105,16.414,10.943,1743332176323,"{'zone': 'UTC+8', 'r': 0.0027, 'v': 0.038, 'r7': -0.039, 'r30': -0.1116, 'r90': -0.3625, 'r180': 0.146, 'r365': -0.2803}","[-0.013, 0.0092, 0.0027]"
VELO_USDT,0.000001,6,0.00793,422,0.012611,0.012617,0.012618,117870,1490573.166,102477,0.012133,0.013013,-0.0026,-3.3e-05,0.012625,0.012621,-0.000212,0.01515,0.0101,1743332176685,"{'zone': 'UTC+8', 'r': -0.0026, 'v': -3.3e-05, 'r7': -0.036, 'r30': -0.2738, 'r90': -0.5021, 'r180': -0.2422, 'r365': 0.3984}","[-0.0241, 0.0039, -0.0026]"
SHIB_USDT,0.000000001,9,0.00794,126,1.2588e-05,1.259e-05,1.2591e-05,3188543427,40394881.92032,539004227,1.2435e-05,1.2899e-05,-0.01,-1.28e-07,1.2597e-05,1.2593e-05,-0.00021,1.5116e-05,1.0077e-05,1743332176378,"{'zone': 'UTC+8', 'r': -0.01, 'v': -1.28e-07, 'r7': -0.0193, 'r30': -0.1373, 'r90': -0.4262, 'r180': -0.293, 'r365': -0.5862}","[-0.0187, -0.0067, -0.01]"
SOL_USDT,0.01,2,0.008,51,124.97,124.96,124.97,254967984,3190069587.595,18791762,122.52,126.79,-0.0099,-1.25,125.08,124.97,-7.9e-05,137.58,112.57,1743332176292,"{'zone': 'UTC+8', 'r': -0.0099, 'v': -1.25, 'r7': -0.0323, 'r30': -0.1047, 'r90': -0.3591, 'r180': -0.189, 'r365': -0.3245}","[-0.013, 0.004, -0.0099]"
1000BONK_USDT,0.000001,6,0.00878,388,0.011384,0.011383,0.011384,75507,8570546.9,16257,0.010998,0.011742,0.005,5.7e-05,0.01139,0.011382,-0.000242,0.013668,0.009112,1743332176497,"{'zone': 'UTC+8', 'r': 0.005, 'v': 5.7e-05, 'r7': -0.08, 'r30': -0.1702, 'r90': -0.6386, 'r180': -0.5225, 'r365': -0.5679}","[-0.0286, 0.0051, 0.005]"
JASMY_USDT,0.000001,6,0.00902,195,0.011088,0.011086,0.011087,62822312,6897741.36066,23960512,0.010611,0.011323,0.0137,0.00015,0.011097,0.011088,-7.9e-05,0.013316,0.008877,1743332176425,"{'zone': 'UTC+8', 'r': 0.0137, 'v': 0.00015, 'r7': -0.111, 'r30': -0.411, 'r90': -0.6743, 'r180': -0.4953, 'r365': -0.4655}","[-0.0165, 0.0048, 0.0137]"
AIXBT_USDT,0.00001,5,0.00947,842,0.10561,0.1056,0.10561,9031529,9504792.2184,1769967,0.10253,0.1098,-0.0012,-0.00013,0.10568,0.10561,-0.000106,0.12681,0.08454,1743332176475,"{'zone': 'UTC+8', 'r': -0.0012, 'v': -0.00013, 'r7': 0.0112, 'r30': -0.4878, 'r90': -0.7904}","[-0.0322, 0.0155, -0.0012]"
TRUMPOFFICIAL_USDT,0.001,3,0.00985,981,10.154,10.153,10.154,189063235,190116194.9225,16098745,9.84,10.364,0.0142,0.143,10.155,10.154,4e-05,12.186,8.124,1743332176327,"{'zone': 'UTC+8', 'r': 0.0142, 'v': 0.143, 'r7': -0.0684, 'r30': -0.213}","[0.0029, 0.0085, 0.0142]"
EIGEN_USDT,0.0001,4,0.01062,704,0.9415,0.9414,0.9415,10232995,9569871.5591,4493972,0.9035,0.9623,0.0158,0.0147,0.9419,0.9415,-0.000123,1.1302,0.7535,1743332176406,"{'zone': 'UTC+8', 'r': 0.0158, 'v': 0.0147, 'r7': -0.2178, 'r30': -0.4511, 'r90': -0.7208, 'r180': -0.7252}","[-0.0157, -0.0021, 0.0158]"
GRT_USDT,0.00001,5,0.01108,76,0.09036,0.09027,0.09028,30079112,2712896.96231,22513270,0.08737,0.09168,0.0046,0.00042,0.09039,0.09036,-0.000159,0.10846,0.07231,1743332176483,"{'zone': 'UTC+8', 'r': 0.0046, 'v': 0.00042, 'r7': -0.0533, 'r30': -0.2694, 'r90': -0.572, 'r180': -0.494, 'r365': -0.7709}","[-0.0137, 0.0212, 0.0046]"
INJ_USDT,0.001,3,0.01125,281,8.887,8.888,8.889,5810315,51081123.4,835817,8.53,9.024,0.0146,0.128,8.898,8.889,-0.000188,10.677,7.118,1743332176374,"{'zone': 'UTC+8', 'r': 0.0146, 'v': 0.128, 'r7': -0.0937, 'r30': -0.3462, 'r90': -0.5683, 'r180': -0.6127, 'r365': -0.7559}","[-0.01, 0.0275, 0.0146]"
LDO_USDT,0.0001,4,0.01155,266,0.8658,0.8658,0.8659,8302607,7259573.2478,6792100,0.8546,0.8983,-0.0162,-0.0143,0.8661,0.8658,-0.000117,1.0393,0.6928,1743332176400,"{'zone': 'UTC+8', 'r': -0.0162, 'v': -0.0143, 'r7': -0.1465, 'r30': -0.3623, 'r90': -0.516, 'r180': -0.3266, 'r365': -0.6983}","[-0.0318, -0.0079, -0.0162]"
LTC_USDT,0.01,2,0.01162,14,86.04,86.04,86.05,70804225,60653144.1446,17756420,84.09,86.97,0.0008,0.07,86.09,86.04,3.4e-05,94.69,77.48,1743332176346,"{'zone': 'UTC+8', 'r': 0.0008, 'v': 0.07, 'r7': -0.0529, 'r30': -0.3313, 'r90': -0.146, 'r180': 0.293, 'r365': -0.1754}","[-0.0026, 0.0078, 0.0008]"
ORDI_USDT,0.001,3,0.01208,406,8.275,8.278,8.279,10664765,8842174.1307,8727595,8.029,8.557,-0.0062,-0.052,8.28,8.278,4e-05,9.936,6.624,1743332176403,"{'zone': 'UTC+8', 'r': -0.0062, 'v': -0.052, 'r7': -0.1815, 'r30': -0.3487, 'r90': -0.6908, 'r180': -0.7828, 'r365': -0.8696}","[-0.0256, 0.007, -0.0062]"
ONDO_USDT,0.0001,4,0.01245,529,0.8033,0.8032,0.8033,7824434,62472888.6,2515000,0.7777,0.8134,0.017,0.0135,0.8038,0.8033,-0.000223,0.9645,0.643,1743332176342,"{'zone': 'UTC+8', 'r': 0.017, 'v': 0.0135, 'r7': -0.0328, 'r30': -0.1838, 'r90': -0.4364, 'r180': 0.0624, 'r365': -0.0828}","[-0.005, 0.0065, 0.017]"
WLD_USDT,0.0001,4,0.01267,452,0.7892,0.7892,0.7893,77314025,60509706.5005,14505165,0.7625,0.8072,0.0056,0.0044,0.7891,0.7891,7.6e-05,0.9469,0.6312,1743332176362,"{'zone': 'UTC+8', 'r': 0.0056, 'v': 0.0044, 'r7': -0.0498, 'r30': -0.3239, 'r90': -0.6383, 'r180': -0.5817, 'r365': -0.9025}","[-0.0213, 0.014, 0.0056]"
PI_USDT,0.0001,4,0.01304,1048,0.7667,0.767,0.7671,117190311,92944852.6493,16962242,0.7604,0.832,-0.0318,-0.0252,0.7672,0.7671,1.3e-05,0.9206,0.6137,1743332176312,"{'zone': 'UTC+8', 'r': -0.0318, 'v': -0.0252, 'r7': -0.2329, 'r30': -0.7056}","[-0.0781, -0.0474, -0.0318]"
IO_USDT,0.0001,4,0.01305,599,0.7662,0.7663,0.7664,1120390,847472.3939,1306955,0.7315,0.7809,0.0175,0.0132,0.767,0.7664,5e-05,0.9204,0.6136,1743332176590,"{'zone': 'UTC+8', 'r': 0.0175, 'v': 0.0132, 'r7': -0.0703, 'r30': -0.387, 'r90': -0.7342, 'r180': -0.6218}","[-0.0174, 0.0226, 0.0175]"
OP_USDT,0.0001,4,0.01314,259,0.7608,0.7609,0.761,17494066,13499007.0649,7995977,0.752,0.7996,-0.0156,-0.0121,0.7618,0.7613,-0.000201,0.9141,0.6094,1743332176368,"{'zone': 'UTC+8', 'r': -0.0156, 'v': -0.0121, 'r7': -0.1102, 'r30': -0.3254, 'r90': -0.5869, 'r180': -0.5701, 'r365': -0.7896}","[-0.048, -0.0066, -0.0156]"
BEAMX_USDT,0.000001,6,0.01342,495,0.007449,0.007452,0.007453,457516,3394417.617,228172,0.007135,0.007715,-0.0179,-0.000136,0.007459,0.007454,-0.000158,0.00895,0.005967,1743332176538,"{'zone': 'UTC+8', 'r': -0.0179, 'v': -0.000136, 'r7': -0.0944, 'r30': -0.1295, 'r90': -0.725, 'r180': -0.6126, 'r365': -0.786}","[0.0073, 0.0149, -0.0179]"
PEPE_USDT,0.000000001,9,0.01416,384,7.059e-06,7.061e-06,7.062e-06,2984017,216632763.86,368570,7.01e-06,7.633e-06,-0.032,-2.34e-07,7.06e-06,7.059e-06,-0.000103,8.472e-06,5.648e-06,1743332176314,"{'zone': 'UTC+8', 'r': -0.032, 'v': -2.34e-07, 'r7': -0.0231, 'r30': -0.1619, 'r90': -0.6163, 'r180': -0.3405, 'r365': -0.0739}","[-0.0714, -0.0214, -0.032]"
ADA_USDT,0.0001,4,0.01477,27,0.6767,0.6768,0.6769,551121764,370499699.3432,51290942,0.6582,0.687,0.0089,0.006,0.6771,0.6768,1e-06,0.7448,0.6093,1743332176313,"{'zone': 'UTC+8', 'r': 0.0089, 'v': 0.006, 'r7': -0.0371, 'r30': 0.0163, 'r90': -0.2338, 'r180': 0.7883, 'r365': 0.0409}","[-0.0036, 0.0062, 0.0089]"
KAS_USDT,0.00001,5,0.0153,309,0.06532,0.06533,0.06534,369852,23788975.6,252132,0.06259,0.06711,0.0193,0.00124,0.06539,0.06534,-0.000225,0.07846,0.05231,1743332176397,"{'zone': 'UTC+8', 'r': 0.0193, 'v': 0.00124, 'r7': -0.1744, 'r30': -0.2386, 'r90': -0.449, 'r180': -0.5903, 'r365': -0.5299}","[0.0052, 0.0131, 0.0193]"
AR_USDT,0.001,3,0.01537,167,6.504,6.507,6.508,4157131,2639872.7549,2270327,6.131,6.69,0.0289,0.183,6.511,6.508,-8.6e-05,7.813,5.208,1743332176526,"{'zone': 'UTC+8', 'r': 0.0289, 'v': 0.183, 'r7': -0.0949, 'r30': -0.2364, 'r90': -0.6059, 'r180': -0.7141, 'r365': -0.8388}","[-0.0267, 0.0404, 0.0289]"
STX_USDT,0.0001,4,0.01612,329,0.6205,0.6204,0.6205,222739,1392339.411,236462,0.6126,0.6386,-0.0128,-0.0081,0.6209,0.6205,-0.000294,0.745,0.4967,1743332176613,"{'zone': 'UTC+8', 'r': -0.0128, 'v': -0.0081, 'r7': -0.0076, 'r30': -0.2752, 'r90': -0.6127, 'r180': -0.6639, 'r365': -0.8252}","[-0.0243, -0.0004, -0.0128]"
VIRTUAL_USDT,0.0001,4,0.0162,745,0.6173,0.6172,0.6173,1653998,10077852.772,556367,0.5944,0.6247,0.0149,0.0091,0.6177,0.6171,-0.00043,0.7412,0.4941,1743332176437,"{'zone': 'UTC+8', 'r': 0.0149, 'v': 0.0091, 'r7': -0.1661, 'r30': -0.4393, 'r90': -0.8281}","[-0.0075, 0.0161, 0.0149]"
LUNC_USDT,0.00000001,8,0.01673,255,5.977e-05,5.976e-05,5.977e-05,3092709,1838351.275,2262835,5.847e-05,6.058e-05,0.0031,1.9e-07,5.993e-05,5.981e-05,-9.8e-05,7.191e-05,4.794e-05,1743332176530,"{'zone': 'UTC+8', 'r': 0.0031, 'v': 1.9e-07, 'r7': -0.0759, 'r30': -0.1198, 'r90': -0.4721, 'r180': -0.3591, 'r365': -0.6106}","[-0.0013, 0.0072, 0.0031]"
UNI_USDT,0.001,3,0.01677,48,5.962,5.962,5.963,28990016,17412061.2957,5131535,5.862,6.132,-0.002,-0.012,5.965,5.962,4.6e-05,7.158,4.772,1743332176421,"{'zone': 'UTC+8', 'r': -0.002, 'v': -0.012, 'r7': -0.1147, 'r30': -0.262, 'r90': -0.5493, 'r180': -0.2073, 'r365': -0.5288}","[-0.0261, 0.0011, -0.002]"
ETHFI_USDT,0.0001,4,0.01686,553,0.5928,0.5929,0.593,7786807,4590625.0463,4538760,0.5766,0.6039,0.005,0.003,0.5932,0.5929,4.3e-05,0.7118,0.4745,1743332176478,"{'zone': 'UTC+8', 'r': 0.005, 'v': 0.003, 'r7': -0.1136, 'r30': -0.3878, 'r90': -0.7046, 'r180': -0.6682, 'r365': -0.9111}","[-0.0141, 0.0033, 0.005]"
FLOKI_USDT,0.00000001,8,0.01703,318,5.87e-05,5.87e-05,5.871e-05,2667498,15595957.831,577247,5.657e-05,6.029e-05,0.0049,2.9e-07,5.877e-05,5.871e-05,-0.00041,7.052e-05,4.701e-05,1743332176415,"{'zone': 'UTC+8', 'r': 0.0049, 'v': 2.9e-07, 'r7': -0.0625, 'r30': -0.2977, 'r90': -0.6677, 'r180': -0.6253, 'r365': -0.754}","[-0.0252, 0.015, 0.0049]"
MUBARAK_USDT,0.00001,5,0.01744,1088,0.0573,0.05729,0.05733,8710922,58882323.211,611942,0.055,0.07572,-0.2135,-0.01556,0.05736,0.05731,5e-05,0.06883,0.04588,1743332176312,"{'zone': 'UTC+8', 'r': -0.2135, 'v': -0.01556, 'r7': -0.5471}","[-0.1352, -0.1952, -0.2135]"
ICP_USDT,0.001,3,0.01855,127,5.39,5.389,5.39,1152578750,62053945.8288,111045157,5.256,5.46,0.0016,0.009,5.394,5.39,1.9e-05,6.472,4.315,1743332176465,"{'zone': 'UTC+8', 'r': 0.0016, 'v': 0.009, 'r7': -0.0617, 'r30': -0.1892, 'r90': -0.4778, 'r180': -0.4057, 'r365': -0.6907}","[-0.0111, 0.0084, 0.0016]"
S_USDT,0.0001,4,0.02043,939,0.4892,0.4893,0.4894,52889283,25966475.806,13412452,0.4746,0.5037,-0.0058,-0.0029,0.4896,0.4893,-0.000146,0.5875,0.3916,1743332176410,"{'zone': 'UTC+8', 'r': -0.0058, 'v': -0.0029, 'r7': -0.0392, 'r30': -0.3199}","[-0.0245, 0.0043, -0.0058]"
CKB_USDT,0.000001,6,0.0205,340,0.004879,0.004876,0.004877,152551,733455.846,213707,0.004714,0.004957,0.0093,4.5e-05,0.004883,0.00488,-0.000122,0.005859,0.003906,1743332176716,"{'zone': 'UTC+8', 'r': 0.0093, 'v': 4.5e-05, 'r7': -0.061, 'r30': -0.1826, 'r90': -0.5941, 'r180': -0.7083, 'r365': -0.7438}","[-0.0083, 0.007, 0.0093]"
APE_USDT,0.0001,4,0.02096,244,0.4771,0.4771,0.4772,20989413,9909100.1747,4118872,0.4609,0.4877,0.0029,0.0014,0.4777,0.4773,-0.000112,0.5732,0.3821,1743332176424,"{'zone': 'UTC+8', 'r': 0.0029, 'v': 0.0014, 'r7': -0.1127, 'r30': -0.2657, 'r90': -0.6137, 'r180': -0.3899, 'r365': -0.7634}","[-0.0195, 0.0166, 0.0029]"
FET_USDT,0.0001,4,0.02103,320,0.4754,0.4753,0.4754,3724562,17614201.08,1244435,0.4625,0.4907,0.0,0.0,0.4759,0.4753,-0.000352,0.571,0.3807,1743332176414,"{'zone': 'UTC+8', 'r': 0, 'v': 0, 'r7': -0.0711, 'r30': -0.2743, 'r90': -0.6395, 'r180': -0.6946, 'r365': -0.847}","[-0.0309, 0.0114, 0]"
CRV_USDT,0.0001,4,0.02126,37,0.4701,0.4703,0.4704,598253822,28899321.29869,152973497,0.467,0.4972,-0.0331,-0.0161,0.4703,0.4702,-0.000111,0.5643,0.3762,1743332176391,"{'zone': 'UTC+8', 'r': -0.0331, 'v': -0.0161, 'r7': 0.0014, 'r30': 0.0162, 'r90': -0.5085, 'r180': 0.6154, 'r365': -0.3369}","[-0.0204, -0.039, -0.0331]"
WIF_USDT,0.0001,4,0.02287,525,0.4371,0.4372,0.4373,20236963,87085877.829,3867160,0.4209,0.4448,0.0129,0.0056,0.4372,0.4371,-0.000239,0.5246,0.3497,1743332176332,"{'zone': 'UTC+8', 'r': 0.0129, 'v': 0.0056, 'r7': -0.1611, 'r30': -0.2619, 'r90': -0.7657, 'r180': -0.8168, 'r365': -0.8822}","[-0.0148, 0.0113, 0.0129]"
ATOM_USDT,0.001,3,0.02315,19,4.32,4.319,4.32,48456063,20953423.6561,12296637,4.166,4.471,-0.0068,-0.03,4.322,4.32,-7.4e-05,5.186,3.457,1743332176384,"{'zone': 'UTC+8', 'r': -0.0068, 'v': -0.03, 'r7': -0.099, 'r30': -0.0741, 'r90': -0.3321, 'r180': -0.0994, 'r365': -0.6523}","[-0.0331, 0.0195, -0.0068]"
DOT_USDT,0.001,3,0.02434,33,4.107,4.107,4.108,83046161,33852937.945,32534780,3.993,4.169,0.0095,0.039,4.109,4.107,-9.9e-05,4.519,3.698,1743332176343,"{'zone': 'UTC+8', 'r': 0.0095, 'v': 0.039, 'r7': -0.0795, 'r30': -0.1924, 'r90': -0.4117, 'r180': -0.0901, 'r365': -0.5716}","[-0.0065, 0.015, 0.0095]"
TONCOIN_USDT,0.001,3,0.02621,184,3.815,3.815,3.816,9287483,34709217.245,1553185,3.638,3.889,0.0321,0.119,3.817,3.816,-3.4e-05,4.58,3.053,1743332176342,"{'zone': 'UTC+8', 'r': 0.0321, 'v': 0.119, 'r7': 0.0469, 'r30': 0.1103, 'r90': -0.3354, 'r180': -0.3391, 'r365': -0.2382}","[0.0266, 0.031, 0.0321]"
ENA_USDT,0.0001,4,0.0274,562,0.3648,0.3648,0.3649,53326093,196176579.368,4304445,0.3578,0.3811,-0.0217,-0.0081,0.365,0.3649,-1.9e-05,0.438,0.292,1743332176324,"{'zone': 'UTC+8', 'r': -0.0217, 'v': -0.0081, 'r7': 0.0244, 'r30': -0.1398, 'r90': -0.6142, 'r180': -0.0442}","[-0.0245, 0.0027, -0.0217]"
RENDER_USDT,0.001,3,0.02826,630,3.537,3.538,3.539,3659752,12932653.668,1834292,3.419,3.659,-0.0095,-0.034,3.54,3.538,-0.000205,4.248,2.832,1743332176418,"{'zone': 'UTC+8', 'r': -0.0095, 'v': -0.034, 'r7': 0.0714, 'r30': -0.0595, 'r90': -0.4975, 'r180': -0.4515}","[-0.0274, 0.0094, -0.0095]"
TRU_USDT,0.00001,5,0.02843,334,0.03516,0.03516,0.03517,5622343,1966640.6646,1643562,0.03331,0.03618,-0.0019,-7e-05,0.03519,0.03519,0.0001,0.04222,0.02815,1743332176620,"{'zone': 'UTC+8', 'r': -0.0019, 'v': -7e-05, 'r7': -0.1082, 'r30': -0.2245, 'r90': -0.6114, 'r180': -0.6225, 'r365': -0.7716}","[-0.0281, 0.0359, -0.0019]"
MOODENG_USDT,0.00001,5,0.02976,702,0.03359,0.03359,0.0336,21488694,7243207.4745,7451337,0.03233,0.03536,0.0002,1e-05,0.0336,0.03359,-0.000111,0.04032,0.02688,1743332176405,"{'zone': 'UTC+8', 'r': 0.0002, 'v': 1e-05, 'r7': -0.1222, 'r30': -0.4872, 'r90': -0.8739, 'r180': -0.8538}","[-0.047, 0.0023, 0.0002]"
ARB_USDT,0.0001,4,0.02991,342,0.3342,0.3342,0.3343,52911143,17546754.1401,33382735,0.3259,0.3393,0.0057,0.0019,0.3345,0.3343,-0.000104,0.4014,0.2676,1743332176383,"{'zone': 'UTC+8', 'r': 0.0057, 'v': 0.0019, 'r7': -0.0848, 'r30': -0.224, 'r90': -0.5607, 'r180': -0.4551, 'r365': -0.7944}","[-0.0127, 0.0102, 0.0057]"
VINE_USDT,0.00001,5,0.0301,1000,0.03319,0.03321,0.03322,172441482,58939459.1151,12414810,0.03051,0.03976,-0.0116,-0.00039,0.03321,0.03319,5e-05,0.04981,0.0166,1743332176311,"{'zone': 'UTC+8', 'r': -0.0116, 'v': -0.00039, 'r7': 0.2426, 'r30': -0.2877}","[-0.077, 0.043, -0.0116]"
TIA_USDT,0.001,3,0.03028,485,3.301,3.301,3.302,9846478,31731739.306,2180130,3.127,3.376,0.0322,0.103,3.303,3.301,-0.000222,3.963,2.642,1743332176351,"{'zone': 'UTC+8', 'r': 0.0322, 'v': 0.103, 'r7': -0.0359, 'r30': -0.1301, 'r90': -0.3176, 'r180': -0.4176, 'r365': -0.7771}","[0.0064, 0.0273, 0.0322]"
BRETT_USDT,0.00001,5,0.03293,575,0.03037,0.03036,0.03037,802871,2465880.924,685930,0.02987,0.03212,-0.0142,-0.00044,0.03044,0.03041,-0.000174,0.03652,0.02435,1743332176559,"{'zone': 'UTC+8', 'r': -0.0142, 'v': -0.00044, 'r7': -0.0841, 'r30': -0.192, 'r90': -0.7612, 'r180': -0.6743}","[-0.0533, -0.0055, -0.0142]"
THE_USDT,0.0001,4,0.03321,824,0.301,0.301,0.3011,7576884,2235579.6536,2026565,0.287,0.31,0.0033,0.001,0.3011,0.301,1e-06,0.3613,0.2408,1743332176536,"{'zone': 'UTC+8', 'r': 0.0033, 'v': 0.001, 'r7': -0.135, 'r30': -0.5073, 'r90': -0.8164}","[-0.029, 0.0134, 0.0033]"
ROSE_USDT,0.00001,5,0.0346,222,0.02889,0.02889,0.0289,3680339,1054333.0838,4069427,0.028,0.02928,0.0069,0.0002,0.02895,0.02891,-0.000206,0.03474,0.02316,1743332176621,"{'zone': 'UTC+8', 'r': 0.0069, 'v': 0.0002, 'r7': -0.1044, 'r30': -0.273, 'r90': -0.6761, 'r180': -0.6318, 'r365': -0.7896}","[-0.0102, 0.0158, 0.0069]"
FILECOIN_USDT,0.001,3,0.03617,63,2.765,2.764,2.765,616473059,16891670.18625,183064192,2.698,2.817,-0.0003,-0.001,2.766,2.765,-4e-05,3.319,2.212,1743332176388,"{'zone': 'UTC+8', 'r': -0.0003, 'v': -0.001, 'r7': -0.0758, 'r30': -0.1585, 'r90': -0.4563, 'r180': -0.2838, 'r365': -0.7192}","[-0.0114, 0.008, -0.0003]"
HOLD_USDT,0.0000001,7,0.03675,868,0.0002716,0.0002715,0.0002721,17485619,5403699.5639,947070,0.0002425,0.000359,0.0769,1.94e-05,0.0002717,0.0002725,0.0002,0.000326,0.0002173,1743332176313,"{'zone': 'UTC+8', 'r': 0.0769, 'v': 1.94e-05, 'r7': 0.021, 'r30': -0.3288, 'r90': -0.8429}","[0.0969, -0.0043, 0.0769]"
NEAR_USDT,0.001,3,0.03778,61,2.647,2.646,2.647,6615483,17132285.937,3930482,2.52,2.677,0.0275,0.071,2.649,2.648,4.5e-05,3.178,2.119,1743332176373,"{'zone': 'UTC+8', 'r': 0.0275, 'v': 0.071, 'r7': -0.0339, 'r30': -0.143, 'r90': -0.4947, 'r180': -0.5, 'r365': -0.6204}","[-0.003, 0.0327, 0.0275]"
MANA_USDT,0.0001,4,0.0404,109,0.2475,0.2474,0.2475,26779544,6502317.2209,5159542,0.2384,0.251,0.016,0.0039,0.2479,0.2478,-0.000173,0.2974,0.1983,1743332176409,"{'zone': 'UTC+8', 'r': 0.016, 'v': 0.0039, 'r7': -0.0596, 'r30': -0.1604, 'r90': -0.5031, 'r180': -0.1909, 'r365': -0.6307}","[-0.0052, 0.0126, 0.016]"
SONIC_USDT,0.0001,4,0.04097,908,0.244,0.244,0.2441,4139896,1013703.8426,1520667,0.2389,0.2517,-0.0077,-0.0019,0.2445,0.2444,5e-05,0.2934,0.1956,1743332176615,"{'zone': 'UTC+8', 'r': -0.0077, 'v': -0.0019, 'r7': -0.0992, 'r30': -0.208}","[-0.0141, -0.0061, -0.0077]"
MANTA_USDT,0.0001,4,0.04272,527,0.2341,0.234,0.2341,5838560,1353107.6161,4825115,0.2243,0.2445,-0.0118,-0.0028,0.2349,0.2346,-0.000417,0.2818,0.1879,1743332176502,"{'zone': 'UTC+8', 'r': -0.0118, 'v': -0.0028, 'r7': -0.1443, 'r30': -0.3612, 'r90': -0.7256, 'r180': -0.7283, 'r365': -0.9218}","[-0.0413, 0.0121, -0.0118]"
NOT_USDT,0.000001,6,0.04329,585,0.00231,0.002309,0.00231,5353428,12205405.466,1402320,0.002197,0.002365,0.0153,3.5e-05,0.002311,0.00231,1.3e-05,0.002773,0.001848,1743332176431,"{'zone': 'UTC+8', 'r': 0.0153, 'v': 3.5e-05, 'r7': -0.1015, 'r30': -0.1348, 'r90': -0.6389, 'r180': -0.7309}","[-0.0111, 0.0284, 0.0153]"
VET_USDT,0.00001,5,0.04335,122,0.02307,0.02306,0.02307,392519332,8997630.04877,133815805,0.02236,0.02342,0.0105,0.00024,0.02308,0.02307,3.2e-05,0.02538,0.02077,1743332176540,"{'zone': 'UTC+8', 'r': 0.0105, 'v': 0.00024, 'r7': -0.0892, 'r30': -0.193, 'r90': -0.5007, 'r180': -0.0541, 'r365': -0.4929}","[-0.0043, 0.0131, 0.0105]"
TAO_USDT,0.1,1,0.04388,531,227.8,227.8,227.9,36338865,83105345.426,8920172,221.0,237.4,0.0106,2.4,227.9,227.8,-0.000114,273.4,182.3,1743332176339,"{'zone': 'UTC+8', 'r': 0.0106, 'v': 2.4, 'r7': -0.092, 'r30': -0.3485, 'r90': -0.507, 'r180': -0.6085, 'r365': -0.5646}","[-0.026, -0.0138, 0.0106]"
MEME_USDT,0.000001,6,0.04789,487,0.002087,0.002087,0.002088,24901576,5204554.8006,11492225,0.002012,0.002143,0.0009,2e-06,0.002089,0.002088,5e-05,0.002506,0.001671,1743332176483,"{'zone': 'UTC+8', 'r': 0.0009, 'v': 2e-06, 'r7': -0.1557, 'r30': -0.455, 'r90': -0.8083, 'r180': -0.8276, 'r365': -0.9424}","[-0.0252, 0.0014, 0.0009]"
TURBO_USDT,0.000001,6,0.04988,401,0.002004,0.002004,0.002005,345072,6889332.99,68177,0.001923,0.00206,0.0055,1.1e-05,0.002007,0.002006,-6.5e-05,0.002408,0.001605,1743332176496,"{'zone': 'UTC+8', 'r': 0.0055, 'v': 1.1e-05, 'r7': -0.1712, 'r30': -0.3992, 'r90': -0.7933, 'r180': -0.6502, 'r365': 1.7008}","[-0.0267, 0.007, 0.0055]"
NEIROCTO_USDT,0.0000001,7,0.05035,688,0.0001986,0.0001985,0.0001986,4235796,8490778.026,982900,0.0001925,0.0002114,-0.0187,-3.8e-06,0.0001987,0.0001986,5e-05,0.0002384,0.0001589,1743332176456,"{'zone': 'UTC+8', 'r': -0.0187, 'v': -3.8e-06, 'r7': -0.2876, 'r30': -0.5081, 'r90': -0.7897, 'r180': -0.8128}","[-0.0592, 0.005, -0.0187]"
1INCH_USDT,0.0001,4,0.05179,79,0.1931,0.193,0.1931,3177003,606316.9882,4399345,0.1876,0.1947,0.0005,0.0001,0.1932,0.1931,-0.00025,0.2318,0.1545,1743332176578,"{'zone': 'UTC+8', 'r': 0.0005, 'v': 0.0001, 'r7': -0.0711, 'r30': -0.2134, 'r90': -0.5162, 'r180': -0.3169, 'r365': -0.6734}","[-0.002, 0.0195, 0.0005]"
POPCAT_USDT,0.0001,4,0.05297,561,0.1887,0.1887,0.1888,44519026,83127599.628,5658292,0.1801,0.1973,0.0074,0.0014,0.1889,0.1888,-6e-05,0.2266,0.1511,1743332176342,"{'zone': 'UTC+8', 'r': 0.0074, 'v': 0.0014, 'r7': -0.0988, 'r30': -0.2916, 'r90': -0.7543, 'r180': -0.8005}","[-0.0431, 0.0288, 0.0074]"
PNUT_USDT,0.0001,4,0.05391,752,0.1854,0.1854,0.1855,8927424,16076838.556,3017060,0.1673,0.1922,0.0735,0.0127,0.1853,0.1853,-6.9e-05,0.2223,0.1482,1743332176371,"{'zone': 'UTC+8', 'r': 0.0735, 'v': 0.0127, 'r7': -0.0154, 'r30': -0.0064, 'r90': -0.6961}","[0.06, 0.0886, 0.0735]"
ALGO_USDT,0.0001,4,0.05423,30,0.1843,0.1843,0.1844,54926979,10064032.0078,26594540,0.1799,0.1877,0.0016,0.0003,0.1844,0.1843,-0.000152,0.2028,0.1659,1743332176448,"{'zone': 'UTC+8', 'r': 0.0016, 'v': 0.0003, 'r7': -0.0207, 'r30': -0.2236, 'r90': -0.4462, 'r180': 0.3712, 'r365': -0.3285}","[-0.0149, 0.0027, 0.0016]"
SEI_USDT,0.0001,4,0.0559,458,0.1789,0.1788,0.1789,8478957,15176362.585,3791515,0.1755,0.1841,-0.0027,-0.0005,0.1791,0.1789,-0.000251,0.2149,0.1432,1743332176378,"{'zone': 'UTC+8', 'r': -0.0027, 'v': -0.0005, 'r7': -0.072, 'r30': -0.3184, 'r90': -0.5734, 'r180': -0.6132, 'r365': -0.7843}","[-0.0277, -0.0033, -0.0027]"
RAY_USDT,0.001,3,0.05767,150,1.733,1.733,1.734,12452209,2155620.0791,12578110,1.691,1.769,-0.0057,-0.01,1.733,1.733,-3.7e-05,2.079,1.386,1743332176529,"{'zone': 'UTC+8', 'r': -0.0057, 'v': -0.01, 'r7': -0.0197, 'r30': -0.2712, 'r90': -0.656, 'r180': -0.0702, 'r365': -0.1006}","[-0.0153, 0.0052, -0.0057]"
AI16Z_USDT,0.0001,4,0.06143,886,0.1627,0.1627,0.1628,37598347,6002535.3958,14675777,0.1537,0.1668,0.0093,0.0015,0.1628,0.1627,-2.7e-05,0.1953,0.1302,1743332176404,"{'zone': 'UTC+8', 'r': 0.0093, 'v': 0.0015, 'r7': -0.1757, 'r30': -0.527, 'r90': -0.8683}","[-0.0157, 0.0303, 0.0093]"
DOG_USDT,0.000001,6,0.06242,620,0.001602,0.0016,0.001602,1113322,1822631.77,716490,0.001568,0.001745,-0.0111,-1.8e-05,0.001604,0.001603,1.6e-05,0.001924,0.001283,1743332176544,"{'zone': 'UTC+8', 'r': -0.0111, 'v': -1.8e-05, 'r7': -0.1859, 'r30': -0.3237, 'r90': -0.7334, 'r180': -0.5721}","[-0.0707, -0.0225, -0.0111]"
STRK_USDT,0.0001,4,0.06618,541,0.151,0.151,0.1511,11045323,1656013.4361,14703427,0.145,0.1539,0.008,0.0012,0.1511,0.151,2e-06,0.1813,0.1208,1743332176500,"{'zone': 'UTC+8', 'r': 0.008, 'v': 0.0012, 'r7': -0.0974, 'r30': -0.3082, 'r90': -0.6888, 'r180': -0.6613, 'r365': -0.9302}","[-0.0078, 0.0251, 0.008]"
PYTH_USDT,0.0001,4,0.06748,497,0.1482,0.1481,0.1482,3671533,5300528.596,1325027,0.1402,0.1494,0.032,0.0046,0.1482,0.1482,-1.7e-05,0.1778,0.1185,1743332176546,"{'zone': 'UTC+8', 'r': 0.032, 'v': 0.0046, 'r7': -0.0518, 'r30': -0.3002, 'r90': -0.6122, 'r180': -0.5726, 'r365': -0.8319}","[0.004, 0.027, 0.032]"
TOKEN_USDT,0.00001,5,0.06897,488,0.0145,0.01449,0.0145,404097,585934.782,1026110,0.01407,0.01501,-0.0068,-0.0001,0.01451,0.0145,-0.000355,0.01741,0.0116,1743332176639,"{'zone': 'UTC+8', 'r': -0.0068, 'v': -0.0001, 'r7': 0.0261, 'r30': -0.3233, 'r90': -0.7716, 'r180': -0.7461, 'r365': -0.9196}","[-0.032, 0.0139, -0.0068]"
DOGS_USDT,0.0000001,7,0.07153,674,0.0001398,0.0001397,0.0001398,500660842,6786030.7177,71547362,0.0001284,0.0001422,0.0286,3.9e-06,0.0001397,0.0001396,5e-05,0.0001676,0.0001117,1743332176426,"{'zone': 'UTC+8', 'r': 0.0286, 'v': 3.9e-06, 'r7': -0.1914, 'r30': -0.1933, 'r90': -0.7359, 'r180': -0.8173}","[0.0174, 0.0655, 0.0286]"
VRA_USDT,0.000001,6,0.07519,235,0.001329,0.001329,0.00133,4585086,616366.0458,12249957,0.001285,0.001401,0.0,0.0,0.00132,0.001323,0.000214,0.001584,0.001056,1743332176617,"{'zone': 'UTC+8', 'r': 0, 'v': 0, 'r7': -0.1507, 'r30': -0.3742, 'r90': -0.673, 'r180': -0.5992, 'r365': -0.8631}","[-0.0067, -0.0249, 0]"
BOME_USDT,0.000001,6,0.07576,552,0.00132,0.001319,0.00132,2394599,3185967.338,3292070,0.001294,0.001359,-0.0134,-1.8e-05,0.00132,0.001319,-4.5e-05,0.001584,0.001056,1743332176499,"{'zone': 'UTC+8', 'r': -0.0134, 'v': -1.8e-05, 'r7': -0.0902, 'r30': -0.2952, 'r90': -0.7914, 'r180': -0.8188, 'r365': -0.8974}","[-0.0251, 0, -0.0134]"
HYPE_USDT,0.01,2,0.08,887,12.49,12.49,12.5,7329464,9321325.12,5291127,12.27,13.1,-0.0384,-0.5,12.48,12.48,0.000111,14.97,9.98,1743332176406,"{'zone': 'UTC+8', 'r': -0.0384, 'v': -0.5, 'r7': -0.2089, 'r30': -0.3889, 'r90': -0.5446}","[-0.0142, -0.0257, -0.0384]"
USUAL_USDT,0.0001,4,0.08032,879,0.1245,0.1244,0.1245,11081967,1355599.1761,9953652,0.1188,0.1262,0.0121,0.0015,0.1246,0.1245,3.3e-05,0.1495,0.0996,1743332176587,"{'zone': 'UTC+8', 'r': 0.0121, 'v': 0.0015, 'r7': -0.1017, 'r30': -0.4446, 'r90': -0.8816}","[-0.0047, 0.0204, 0.0121]"
ZIL_USDT,0.00001,5,0.08826,66,0.01133,0.01132,0.01133,15485563,1729917.5999,6714430,0.01104,0.01146,0.0053,6e-05,0.01133,0.01133,4e-06,0.01359,0.00906,1743332176678,"{'zone': 'UTC+8', 'r': 0.0053, 'v': 6e-05, 'r7': -0.0943, 'r30': -0.1741, 'r90': -0.4673, 'r180': -0.2536, 'r365': -0.6898}","[-0.0043, 0.0143, 0.0053]"
RUNE_USDT,0.001,3,0.08842,242,1.131,1.13,1.131,4070988,4604082.057,2774500,1.108,1.147,0.0044,0.005,1.131,1.13,-8.6e-05,1.357,0.904,1743332176465,"{'zone': 'UTC+8', 'r': 0.0044, 'v': 0.005, 'r7': -0.0915, 'r30': -0.2079, 'r90': -0.7543, 'r180': -0.7776, 'r365': -0.8719}","[0.0017, 0.0053, 0.0044]"
KAIA_USDT,0.0001,4,0.09606,743,0.1041,0.104,0.1041,2603455,2683380.567,474592,0.1012,0.1053,0.0116,0.0012,0.1042,0.1042,5e-05,0.125,0.0833,1743332176888,"{'zone': 'UTC+8', 'r': 0.0116, 'v': 0.0012, 'r7': -0.0405, 'r30': -0.1764, 'r90': -0.4907}","[0.0048, 0.0156, 0.0116]"
PONKE_USDT,0.0001,4,0.1105,598,0.0905,0.0904,0.0905,912018,826797.582,1014032,0.0879,0.095,-0.012,-0.0011,0.0905,0.0905,-0.000104,0.1086,0.0724,1743332176733,"{'zone': 'UTC+8', 'r': -0.012, 'v': -0.0011, 'r7': -0.1612, 'r30': -0.3311, 'r90': -0.7146, 'r180': -0.7419}","[-0.0473, 0.0089, -0.012]"
TST_USDT,0.0001,4,0.14837,1030,0.0674,0.0673,0.0674,7895314,5357898.367,2823227,0.063,0.0712,0.0059,0.0004,0.0673,0.0673,5e-05,0.0807,0.0538,1743332176399,"{'zone': 'UTC+8', 'r': 0.0059, 'v': 0.0004, 'r7': 0.015, 'r30': -0.2986}","[0.029, 0.0305, 0.0059]"
ZKSYNC_USDT,0.0001,4,0.14948,602,0.0669,0.0668,0.0669,1134670,758033.304,3135755,0.0644,0.0687,0.0045,0.0003,0.0668,0.0668,-0.000103,0.0801,0.0534,1743332176551,"{'zone': 'UTC+8', 'r': 0.0045, 'v': 0.0003, 'r7': -0.108, 'r30': -0.3296, 'r90': -0.6478, 'r180': -0.5187}","[-0.0247, 0.0075, 0.0045]"
MELANIA_USDT,0.001,3,0.1634,987,0.612,0.611,0.612,25248137,1536643.166,43196230,0.593,0.624,0.0082,0.005,0.612,0.612,-0.000294,0.918,0.306,1743332176514,"{'zone': 'UTC+8', 'r': 0.0082, 'v': 0.005, 'r7': -0.1428, 'r30': -0.2941}","[-0.0097, 0.0049, 0.0082]"
XAI_USDT,0.0001,4,0.16367,524,0.0611,0.061,0.0611,3229204,1950960.549,2201235,0.0586,0.0626,-0.0016,-0.0001,0.0611,0.0611,5e-05,0.0733,0.0488,1743332176486,"{'zone': 'UTC+8', 'r': -0.0016, 'v': -0.0001, 'r7': -0.0974, 'r30': -0.315, 'r90': -0.7407, 'r180': -0.7367, 'r365': -0.9499}","[-0.0097, 0.0234, -0.0016]"
BAN_USDT,0.0001,4,0.16667,774,0.0599,0.0599,0.06,2514503,1457539.743,1014802,0.0541,0.0611,0.0292,0.0017,0.0598,0.0598,5e-05,0.0717,0.0478,1743332176568,"{'zone': 'UTC+8', 'r': 0.0292, 'v': 0.0017, 'r7': 0.0274, 'r30': -0.0338, 'r90': -0.0148}","[0.049, 0.0309, 0.0292]"
PENGU_USDT,0.00001,5,0.17007,878,0.00588,0.00587,0.00588,547684026,32027500.2555,79486605,0.00558,0.00612,0.0173,0.0001,0.00587,0.00587,5e-05,0.00704,0.00469,1743332176427,"{'zone': 'UTC+8', 'r': 0.0173, 'v': 0.0001, 'r7': -0.0826, 'r30': -0.2915, 'r90': -0.8243}","[-0.0344, 0.0352, 0.0173]"
GOAT_USDT,0.0001,4,0.1912,727,0.0523,0.0522,0.0523,3672916,1888491.992,2738460,0.05,0.0533,0.0135,0.0007,0.0523,0.0522,-0.000264,0.0627,0.0418,1743332176526,"{'zone': 'UTC+8', 'r': 0.0135, 'v': 0.0007, 'r7': -0.0982, 'r30': -0.454, 'r90': -0.8723}","[0.0038, 0.0116, 0.0135]"
CHILLGUY_USDT,0.0001,4,0.38911,805,0.0257,0.0256,0.0257,8449518,2172850.708,3728062,0.0252,0.0263,-0.0077,-0.0002,0.0256,0.0256,5e-05,0.0307,0.0204,1743332176646,"{'zone': 'UTC+8', 'r': -0.0077, 'v': -0.0002, 'r7': -0.1461, 'r30': -0.2698, 'r90': -0.8403}","[-0.0038, -0.0115, -0.0077]"
